﻿<?xml version="1.0" encoding="UTF-8"?>
<devices>

	<device name="modules"				type="update" 						id="" 		tts=""/>

<!-- DEBUT AUTOCONF @ -->
<!--=== FAITES VOS MODIFICATIONS SOUS CETTE LIGNE UNIQUEMENT  ===-->

    <!-- Ci-dessous des exemples de déclarations des modules 									-->
    <!-- La commande vocale "Sarah, mets à jour les modules de la box" permet de générer 		-->
    <!-- automatiquement le contenu des différents devices (modules). 							-->
    <!-- Attention toute cette partie sera écrasée si vous faites une mise à jour des modules 	-->

	<!-- MODULES VOLETS ROULANTS -->
	<device name="volet_salon" 			type="com.fibaro.blind" 			id="250" 	tts=" le volet du salon "/>
	<!-- MODULES ON/OFF -->
	<device name="halogene_salon" 		type="com.fibaro.binarySwitch" 		id="90" 	tts=" l'halogène du salon "/>
	<!-- MODULES VARIATEURS -->
	<device name="lampe_salon" 			type="com.fibaro.multilevelSwitch" 	id="4"  	tts=" la lampe du salon "/>
	<!-- MODULES VIRTUELS -->
	<device name="volet_tous" 			type="virtual_device" 				id="102" 	tts=" tous les volets "			buttonOn="1" buttonMy="2" buttonOff="3" slider="4"	/>
	<device name="lampe_escalier" 		type="virtual_device" 				id="69" 	tts=" la lampe de l'escalier "	buttonOn="1" buttonOff="2"	/>
	<!-- SONDES -->
	<device name="temp_salon" 			type="com.fibaro.temperatureSensor" id="14" 	tts="La température dans le salon est de %s degrés "/>
	<device name="hygro_salon" 			type="com.fibaro.humiditySensor" 	id="15" 	tts="L'hygrométrie dans le salon est de %s pourcent "/>
	<device name="lumi_entree" 			type="com.fibaro.lightSensor" 		id="132" 	tts="La luminosité dans l'entrée est de %s pourcent "/>
	<device name="sismo_entree" 		type="com.fibaro.seismometer" 		id="133" 	tts="Les vibrations dans l'entrée sont à %s "/>
	<!-- METEO -->
	<device name="meteo"				type="weather"						id=""		tts="Météo du jour. %s " />
	<!-- DETECTEURS -->
	<device name="mouvement_entree" 	type="com.fibaro.motionSensor" 		id="130" 	tts="Mouvement dans l'entrée "/>	
	<device name="ouverture_1" 			type="com.fibaro.doorSensor" 		id="94" 	tts="Porte d'entrée ouverte "/>	
	<device name="fumee_sam" 			type="com.fibaro.FGSS001" 			id="190" 	tts="Il y a de la fumée dans la salle à manger "/>	
	<device name="chaleur_etage" 		type="com.fibaro.heatDetector" 		id="207" 	tts="Température anormale à l'étage "/>	
	<device name="inondation_buanderie" type="com.fibaro.FGFS101" 			id="186"	tts="Inondation dans la buanderie "/>	
	<!-- LOGITECH HARMONY -->
	<device name="harmony_tv" 	type="com.fibaro.logitechHarmonyActivity" 	id="236" 	tts="La télé "/>
	<device name="harmony_kodi" type="com.fibaro.logitechHarmonyActivity" 	id="240" 	tts="Kodi "/>

<!--============= NE PLUS MODIFIER SOUS CETTE LIGNE =============-->
<!-- @ FIN AUTOCONF -->

</devices>